{"offline_id": "aee0e425e9be4c2eb11ee5e33bbac07f", "project_name": "yolov5", "start_time": 1695201620196, "stop_time": 1695201622966, "tags": [], "workspace": null, "resume_strategy": "create", "customer_error_reported": true, "customer_error_message": "Unexpected error detected in the user script: UnicodeDecodeError('gbk', b'\\r\\n\\r\\n\\r\\nnc: 222  \\r\\nnames:\\r\\n  0: \\xe6\\x97\\xa0\\r\\n  1: \\xe5\\xb0\\x8f\\xe8\\xbd\\xbf\\xe8\\xbd\\xa6\\r\\n  2: \\xe8\\xb6\\x8a\\xe9\\x87\\x8e\\xe8\\xbd\\xa6\\r\\n  3: \\xe5\\xb7\\xb4\\xe5\\xa3\\xab\\r\\n  4: \\xe5\\x85\\xac\\xe4\\xba\\xa4\\xe8\\xbd\\xa6\\r\\n  5: \\xe5\\xa4\\xa7\\xe8\\xb4\\xa7\\xe8\\xbd\\xa6\\r\\n  6: \\xe5\\xb0\\x8f\\xe8\\xb4\\xa7\\xe8\\xbd\\xa6\\r\\n  7: \\xe9\\x9d\\x9e\\xe6\\x9c\\xba\\xe5\\x8a\\xa8\\xe8\\xbd\\xa6\\r\\n  8: \\xe8\\xbd\\xbd\\xe4\\xba\\xba\\xe9\\x9d\\x9e\\xe6\\x9c\\xba\\xe5\\x8a\\xa8\\xe8\\xbd\\xa6\\r\\n  9: \\xe6\\x97\\xa0\\r\\n  10: \\xe6\\x97\\xa0\\r\\n  11: \\xe8\\xbd\\xa6\\xe7\\xaa\\x97\\r\\n  12: \\xe9\\x81\\xae\\xe9\\x98\\xb3\\xe6\\x9d\\xbf\\r\\n  13: \\xe5\\xa2\\xa8\\xe9\\x95\\x9c\\r\\n  14: \\xe6\\x8c\\x82\\xe4\\xbb\\xb6\\r\\n  15: \\xe7\\xba\\xb8\\xe5\\xb7\\xbe\\xe7\\x9b\\x92\\r\\n  16: \\xe6\\x91\\x86\\xe4\\xbb\\xb6\\r\\n  17: \\xe5\\xb9\\xb4\\xe6\\xa3\\x80\\xe6\\xa0\\x87\\xe8\\xaf\\x86\\r\\n  18: \\xe8\\xbd\\xa6\\xe7\\x89\\x8c\\r\\n  19: \\xe4\\xba\\xac\\r\\n  20: \\xe6\\xb4\\xa5\\r\\n  21: \\xe6\\xb2\\xaa\\r\\n  22: \\xe6\\xb8\\x9d\\r\\n  23: \\xe5\\x86\\x80\\r\\n  24: \\xe8\\xb1\\xab\\r\\n  25: \\xe9\\xbb\\x91\\r\\n  26: \\xe8\\x92\\x99\\r\\n  27: \\xe8\\xbe\\xbd\\r\\n  28: \\xe5\\x90\\x89\\r\\n  29: \\xe6\\x96\\xb0\\r\\n  30: \\xe4\\xba\\x91\\r\\n  31: \\xe8\\x97\\x8f\\r\\n  32: \\xe9\\x99\\x95\\r\\n  33: \\xe7\\xb2\\xa4\\r\\n  34: \\xe6\\xa1\\x82\\r\\n  35: \\xe8\\x8b\\x8f\\r\\n  36: \\xe8\\xb5\\xa3\\r\\n  37: \\xe9\\x97\\xbd\\r\\n  38: \\xe6\\xb5\\x99\\r\\n  39: \\xe7\\x9a\\x96\\r\\n  40: \\xe9\\xb2\\x81\\r\\n  41: \\xe6\\x99\\x8b\\r\\n  42: \\xe6\\xb9\\x98\\r\\n  43: \\xe9\\x84\\x82\\r\\n  44: \\xe7\\x94\\x98\\r\\n  45: \\xe5\\xae\\x81\\r\\n  46: \\xe4\\xba\\x91\\r\\n  47: \\xe8\\xb4\\xb5\\r\\n  48: \\xe5\\xb7\\x9d\\r\\n  49: \\xe7\\x90\\xbc\\r\\n  50: \\xe9\\x9d\\x92\\r\\n  51: \\xe6\\xad\\xa6\\r\\n  52: \\xe8\\xad\\xa6\\r\\n  53: \\xe5\\x86\\x9b\\r\\n  54: \\xe6\\xb5\\xb7\\r\\n  55: \\xe7\\xa9\\xba\\r\\n  56: \\xe7\\x94\\xb2\\r\\n  57: \\xe4\\xb9\\x99\\r\\n  58: \\xe4\\xb8\\x99\\r\\n  59: \\xe4\\xb8\\x81\\r\\n  60: \\xe6\\x88\\x8a\\r\\n  61: \\xe5\\x8e\\x82\\r\\n  62: \\xe5\\x9c\\xba\\r\\n  63: \\xe6\\xa0\\xa1\\r\\n  64: \\xe4\\xbd\\xbf\\r\\n  65: \\xe6\\xbc\\x94\\r\\n  66: \\xe5\\xad\\xa6\\r\\n  67: \\xe9\\xa2\\x86\\r\\n  68: \\xe6\\x8c\\x82\\r\\n  69: \\xe4\\xb8\\xb4\\r\\n  70: \\xe6\\x97\\xa0\\r\\n  71: 1\\r\\n  72: 2\\r\\n  73: 3\\r\\n  74: 4\\r\\n  75: 5\\r\\n  76: 6\\r\\n  77: 7\\r\\n  78: 8\\r\\n  79: 9\\r\\n  80: 0\\r\\n  81: A\\r\\n  82: B\\r\\n  83: C\\r\\n  84: D\\r\\n  85: E\\r\\n  86: F\\r\\n  87: G\\r\\n  88: H\\r\\n  89: I\\r\\n  90: J\\r\\n  91: K\\r\\n  92: L\\r\\n  93: M\\r\\n  94: N\\r\\n  95: O\\r\\n  96: P\\r\\n  97: Q\\r\\n  98: R\\r\\n  99: S\\r\\n  100: T\\r\\n  101: U\\r\\n  102: V\\r\\n  103: W\\r\\n  104: X\\r\\n  105: Y\\r\\n  106: Z\\r\\n  107: \\xe6\\x97\\xa0\\r\\n  108: \\xe6\\x97\\xa0\\r\\n  109: \\xe6\\x97\\xa0\\r\\n  110: \\xe6\\x97\\xa0\\r\\n  111: \\xe5\\xa4\\xa7\\xe4\\xbc\\x97\\r\\n  112: \\xe4\\xb8\\xb0\\xe7\\x94\\xb0\\r\\n  113: \\xe6\\x9c\\xac\\xe7\\x94\\xb0\\r\\n  114: \\xe6\\xaf\\x94\\xe4\\xba\\x9a\\xe8\\xbf\\xaa\\r\\n  115: \\xe5\\xa5\\xa5\\xe8\\xbf\\xaa\\r\\n  116: \\xe6\\x8d\\xb7\\xe8\\xbe\\xbe\\r\\n  117: \\xe5\\xa5\\x94\\xe9\\xa9\\xb0\\r\\n  118: \\xe9\\x95\\xbf\\xe5\\x9f\\x8e\\r\\n  119: \\xe5\\x8c\\x97\\xe6\\xb1\\xbd\\r\\n  120: \\xe5\\xb9\\xbf\\xe6\\xb1\\xbd\\xe4\\xbc\\xa0\\xe7\\xa5\\xba\\r\\n  121: \\xe5\\xa5\\x87\\xe7\\x91\\x9e\\r\\n  122: \\xe7\\xa6\\x8f\\xe7\\x89\\xb9\\r\\n  123: \\xe9\\x9b\\xb7\\xe5\\x85\\x8b\\xe8\\x90\\xa8\\xe6\\x96\\xaf\\r\\n  124: \\xe9\\xa9\\xac\\xe8\\x87\\xaa\\xe8\\xbe\\xbe\\r\\n  125: \\xe9\\x9b\\xaa\\xe9\\x93\\x81\\xe9\\xbe\\x99\\r\\n  126: \\xe5\\xae\\x9d\\xe9\\xa9\\xac\\r\\n  127: \\xe6\\x97\\xa5\\xe4\\xba\\xa7\\r\\n  128: \\xe4\\xba\\x94\\xe8\\x8f\\xb1\\r\\n  129: \\xe7\\x89\\xb9\\xe6\\x96\\xaf\\xe6\\x8b\\x89\\r\\n  130: \\xe7\\x90\\x86\\xe6\\x83\\xb3\\r\\n  131: \\xe8\\x94\\x9a\\xe6\\x9d\\xa5\\r\\n  132: \\xe9\\x9b\\xb6\\xe8\\xb7\\x91\\r\\n  133: \\xe5\\x90\\x89\\xe5\\x88\\xa9\\r\\n  134: \\xe9\\x95\\xbf\\xe5\\xae\\x89\\r\\n  135: \\xe5\\xae\\x9d\\xe9\\xaa\\x8f\\r\\n  136: \\xe5\\x8d\\x8e\\xe6\\xb3\\xb0\\r\\n  137: \\xe4\\xb8\\xad\\xe5\\x8d\\x8e\\r\\n  138: \\xe5\\xa4\\x8f\\xe5\\x88\\xa9\\r\\n  139: \\xe7\\x94\\xb3\\xe9\\xbe\\x99\\r\\n  140: \\xe4\\xb8\\xad\\xe5\\x85\\xb4\\r\\n  141: \\xe8\\xb7\\x83\\xe8\\xbf\\x9b\\r\\n  142: \\xe4\\xb8\\x9c\\xe9\\xa3\\x8e\\r\\n  143: \\xe6\\xb5\\xb7\\xe9\\xa9\\xac\\r\\n  144: \\xe9\\x9b\\xaa\\xe5\\xbc\\x97\\xe8\\x8e\\xb1\\r\\n  145: \\xe5\\xbc\\x80\\xe7\\x91\\x9e\\r\\n  146: \\xe7\\x91\\x9e\\xe9\\xba\\x9f\\r\\n  147: \\xe5\\xb8\\x9d\\xe8\\xb1\\xaa\\r\\n  148: \\xe9\\x93\\x83\\xe6\\x9c\\xa8\\r\\n  149: \\xe6\\xa0\\x87\\xe8\\x87\\xb4\\r\\n  150: \\xe7\\x8e\\xb0\\xe4\\xbb\\xa3\\r\\n  151: \\xe5\\x93\\x88\\xe5\\xbc\\x97\\r\\n  152: \\xe6\\xb3\\x95\\xe6\\x8b\\x89\\xe5\\x88\\xa9\\r\\n  153: AITO\\r\\n  154: \\xe7\\x88\\xb1\\xe9\\xa9\\xb0\\r\\n  155: \\xe9\\x98\\xbf\\xe6\\x96\\xaf\\xe9\\xa1\\xbf\\xe9\\xa9\\xac\\xe4\\xb8\\x81\\r\\n  156: \\xe9\\x98\\xbf\\xe5\\xb0\\x94\\xe6\\xb3\\x95\\xe7\\xbd\\x97\\xe5\\xaf\\x86\\xe6\\xac\\xa7\\r\\n  157: ARCFOX\\xe6\\x9e\\x81\\xe7\\x8b\\x90\\r\\n  158: \\xe4\\xbf\\x9d\\xe6\\x97\\xb6\\xe6\\x8d\\xb7\\r\\n  159: \\xe5\\x88\\xab\\xe5\\x85\\x8b\\r\\n  160: \\xe5\\xa5\\x94\\xe8\\x85\\xbe\\r\\n  161: \\xe5\\xae\\x9d\\xe6\\xb2\\x83\\r\\n  162: \\xe5\\xae\\xbe\\xe5\\x88\\xa9\\r\\n  163: DS\\r\\n  164: \\xe4\\xb8\\x9c\\xe5\\x8d\\x97\\r\\n  165: \\xe7\\xa6\\x8f\\xe7\\x94\\xb0\\r\\n  166: \\xe8\\x8f\\xb2\\xe4\\xba\\x9a\\xe7\\x89\\xb9\\r\\n  167: \\xe8\\xa7\\x82\\xe8\\x87\\xb4\\r\\n  168: \\xe7\\xba\\xa2\\xe6\\x97\\x97\\r\\n  169: \\xe6\\xb1\\x89\\xe8\\x85\\xbe\\r\\n  170: \\xe9\\xbb\\x84\\xe6\\xb5\\xb7\\r\\n  171: \\xe6\\x8d\\xb7\\xe8\\xb1\\xb9\\r\\n  172: \\xe6\\xb1\\x9f\\xe6\\xb7\\xae\\r\\n  173: \\xe5\\x87\\xaf\\xe8\\xbf\\xaa\\xe6\\x8b\\x89\\xe5\\x85\\x8b\\r\\n  174: jeep\\r\\n  175: \\xe8\\xb7\\xaf\\xe8\\x99\\x8e\\r\\n  176: \\xe6\\xb2\\x83\\xe5\\xb0\\x94\\xe6\\xb2\\x83\\r\\n  177: \\xe8\\x8b\\xb1\\xe8\\x8f\\xb2\\xe5\\xb0\\xbc\\xe8\\xbf\\xaa\\r\\n  178: \\xe4\\xb8\\x89\\xe8\\x8f\\xb1\\r\\n  179: \\xe6\\x96\\xaf\\xe6\\x9f\\xaf\\xe8\\xbe\\xbe\\r\\n  180: \\xe9\\x9b\\xb7\\xe8\\xaf\\xba\\r\\n  181: \\xe8\\xb5\\xb7\\xe4\\xba\\x9a2\\r\\n  182: \\xe9\\xa2\\x86\\xe5\\x85\\x8b\\r\\n  183: WEY\\r\\n  184: \\xe9\\x87\\x91\\xe6\\x9d\\xaf\\r\\n  185: \\xe4\\xb8\\xad\\xe5\\x9b\\xbd\\xe4\\xb8\\x80\\xe6\\xb1\\xbd\\r\\n  186: \\xe4\\xbc\\x97\\xe6\\xb3\\xb0\\r\\n  187: \\xe7\\xba\\xb3\\xe6\\x99\\xba\\xe6\\x8d\\xb7\\r\\n  188: \\xe8\\x8b\\xb1\\xe8\\x87\\xb4\\r\\n  189: \\xe9\\x87\\x8e\\xe9\\xa9\\xac\\r\\n  190: \\xe6\\x9e\\x81\\xe6\\xb0\\xaa\\r\\n  191: \\xe5\\xb0\\x8f\\xe9\\xb9\\x8f\\r\\n  192: \\xe5\\x93\\xaa\\xe5\\x90\\x92\\r\\n  193: \\xe8\\x8b\\xb1\\xe4\\xbc\\xa6\\r\\n  194: SMART\\r\\n  195: \\xe9\\x95\\xbf\\xe5\\xae\\x89\\xe6\\xac\\xa7\\xe5\\xb0\\x9a\\r\\n  196: \\xe8\\x8d\\xa3\\xe5\\xa8\\x81\\r\\n  197: \\xe5\\x90\\x8d\\xe7\\x88\\xb5\\r\\n  198: \\xe5\\x8a\\x9b\\xe5\\xb8\\x86\\r\\n  199: \\xe6\\x9e\\x81\\xe6\\x98\\x9f\\r\\n  200: \\xe4\\xb8\\x8a\\xe6\\xb1\\xbd\\xe7\\xba\\xa2\\xe5\\xb2\\xa9\\r\\n  201: \\xe4\\xb8\\x80\\xe6\\xb1\\xbd\\xe8\\xa7\\xa3\\xe6\\x94\\xbe\\r\\n  202: \\xe9\\x99\\x95\\xe6\\xb1\\xbd\\xe9\\x87\\x8d\\xe5\\x8d\\xa1\\r\\n  203: \\xe4\\xb8\\x9c\\xe9\\xa3\\x8e\\xe6\\x9f\\xb3\\xe6\\xb1\\xbd\\xe4\\xb9\\x98\\xe9\\xbe\\x99\\r\\n  204: \\xe5\\x8c\\x97\\xe5\\xa5\\x94\\xe9\\x87\\x8d\\xe5\\x8d\\xa1\\r\\n  205: \\xe6\\xb1\\x9f\\xe9\\x93\\x83\\r\\n  206: \\xe4\\xb8\\xad\\xe5\\x9b\\xbd\\xe9\\x87\\x8d\\xe6\\xb1\\xbd\\r\\n  207: \\xe5\\xa4\\xa7\\xe8\\xbf\\x90\\xe9\\x87\\x8d\\xe5\\x8d\\xa1\\r\\n  208: \\xe6\\xb1\\x9f\\xe6\\xb7\\xae\\xe6\\xa0\\xbc\\xe5\\xb0\\x94\\xe5\\x8f\\x91\\r\\n  209: \\xe6\\x96\\xb0\\xe9\\xbe\\x99\\xe9\\xa9\\xac\\xe6\\xb1\\xbd\\xe8\\xbd\\xa6\\r\\n  210: \\xe9\\xa3\\x9e\\xe7\\xa2\\x9fW\\r\\n  211: \\xe6\\x97\\xb6\\xe4\\xbb\\xa3\\xe6\\xb1\\xbd\\xe8\\xbd\\xa6\\r\\n  212: \\xe8\\x81\\x94\\xe5\\x90\\x88\\xe5\\x8d\\xa1\\xe8\\xbd\\xa6\\r\\n  213: \\xe5\\xba\\x86\\xe9\\x93\\x83\\r\\n  214: \\xe7\\x8e\\x9b\\xe8\\x8e\\x8e\\xe6\\x8b\\x89\\xe8\\x92\\x82\\r\\n  215: \\xe4\\xbe\\x9d\\xe7\\xbb\\xb4\\xe6\\x9f\\xaf\\r\\n  216: \\xe5\\xae\\x87\\xe9\\x80\\x9a\\r\\n  217: \\xe6\\x9e\\x97\\xe8\\x82\\xaf\\r\\n  218: \\xe4\\xb8\\x9c\\xe9\\xa3\\x8e\\xe6\\x89\\xac\\xe5\\xad\\x90\\xe6\\xb1\\x9f\\r\\n  219: \\xe9\\xbb\\x91\\xe8\\xb1\\xb9\\r\\n  220: \\xe7\\xa6\\x8f\\xe8\\xbf\\xaa\\r\\n  221: \\xe6\\xb5\\xb7\\xe6\\xa0\\xbc\\r\\n\\r\\n', 32, 33, 'illegal multibyte sequence')"}