{"payload":{"installed_packages":["absl-py==1.4.0","asttokens==2.2.1","attrs==23.1.0","backcall==0.2.0","brotlipy==0.7.0","cachetools==5.3.1","certifi==2023.7.22","cffi==1.15.1","charset-normalizer==2.0.4","colorama==0.4.6","comet-ml==3.33.10","comm==0.1.3","configobj==5.0.8","contourpy==1.1.1","cryptography==39.0.1","cycler==0.11.0","debugpy==1.6.7","decorator==5.1.1","dulwich==0.21.6","everett==3.1.0","executing==1.2.0","filelock==3.9.0","fonttools==4.42.1","gitdb==4.0.10","gitpython==3.1.36","google-auth-oauthlib==1.0.0","google-auth==2.21.0","grpcio==1.56.0","idna==3.4","ipykernel==6.23.3","ipython==8.14.0","jedi==0.18.2","jinja2==3.1.2","jsonschema-specifications==2023.7.1","jsonschema==4.19.0","jupyter-client==8.3.0","jupyter-core==5.3.1","kiwisolver==1.4.5","lpython==1.0.0a1","lxml==4.9.3","markdown-it-py==3.0.0","markdown==3.4.3","markupsafe==2.1.1","matplotlib-inline==0.1.6","matplotlib==3.8.0","mdurl==0.1.2","mkl-fft==1.3.6","mkl-random==1.2.2","mkl-service==2.4.0","mpmath==1.2.1","nest-asyncio==1.5.6","networkx==2.8.4","numpy==1.25.0","oauthlib==3.2.2","opencv-python==4.8.0.76","packaging==23.1","pandas==2.1.0","parso==0.8.3","pickleshare==0.7.5","pillow==9.4.0","pip==23.1.2","platformdirs==3.8.0","prompt-toolkit==3.0.38","protobuf==4.23.3","psutil==5.9.5","pure-eval==0.2.2","py-cpuinfo==9.0.0","pyasn1-modules==0.3.0","pyasn1==0.5.0","pycparser==2.21","pygments==2.15.1","pyopenssl==23.0.0","pyparsing==3.1.1","pysocks==1.7.1","python-box==6.1.0","python-dateutil==2.8.2","pytz==2023.3.post1","pywin32==306","pyyaml==6.0.1","pyzmq==25.1.0","referencing==0.30.2","requests-oauthlib==1.3.1","requests-toolbelt==1.0.0","requests==2.29.0","rich==13.5.3","rpds-py==0.10.3","rsa==4.9","scipy==1.11.1","seaborn==0.12.2","semantic-version==2.10.0","sentry-sdk==1.31.0","setuptools==67.8.0","simplejson==3.19.1","six==1.16.0","smmap==5.0.1","stack-data==0.6.2","sympy==1.11.1","tensorboard-data-server==0.7.1","tensorboard==2.13.0","thop==0.1.1.post2209072238","torch==2.0.1","torchaudio==2.0.2","torchvision==0.15.2","tornado==6.3.2","tqdm==4.66.1","traitlets==5.9.0","typing-extensions==4.6.3","tzdata==2023.3","ultralytics==8.0.182","urllib3==1.26.16","wcwidth==0.2.6","websocket-client==1.3.3","werkzeug==2.3.6","wheel==0.38.4","win-inet-pton==1.1.0","wrapt==1.15.0","wurlitzer==3.0.3"],"local_timestamp":1695200894037},"type":"ws_msg"}
{"payload":{"env_details":{"command":["train.py","--img","640","--batch","32","--epoch","50","--data","data/cars.yaml","--cfg","models/yolov5l.yaml","--weights","weights/yolov5l.pt","--device","0"],"env":null,"hostname":"Hbk-kkzbyx","ip":"10.10.111.133","machine":"AMD64","os":"Windows-10-10.0.22000-SP0","os_release":"10","os_type":"Windows","pid":28764,"processor":"AMD64 Family 25 Model 80 Stepping 0, AuthenticAMD","python_exe":"D:\\APP\\anaconda\\anaconda\\envs\\kkzpytorch\\python.exe","python_version":"3.10.11","python_version_verbose":"3.10.11 | packaged by Anaconda, Inc. | (main, Apr 20 2023, 18:56:50) [MSC v.1916 64 bit (AMD64)]","user":"\u4f55\u70b3\u5803"},"local_timestamp":1695200894432},"type":"ws_msg"}
{"payload":{"gpu_static_info":[{"gpu_index":0,"name":"NVIDIA GeForce RTX 3050 Ti Laptop GPU","power_limit":null,"total_memory":4294967296,"uuid":"GPU-1e26ee00-f2e1-ea89-deba-49b6f6bd4e02"}],"local_timestamp":1695200894467},"type":"ws_msg"}
{"payload":{"local_timestamp":1695200894475,"metric":{"epoch":null,"metricName":"sys.gpu.0.total_memory","metricValue":4294967296,"step":null}},"type":"metric_msg"}
{"payload":{"local_timestamp":1695200894915,"metric":{"epoch":null,"metricName":"sys.cpu.percent.avg","metricValue":8.73125,"step":null}},"type":"metric_msg"}
{"payload":{"local_timestamp":1695200894915,"metric":{"epoch":null,"metricName":"sys.load.avg","metricValue":0.0,"step":null}},"type":"metric_msg"}
{"payload":{"local_timestamp":1695200894915,"metric":{"epoch":null,"metricName":"sys.ram.total","metricValue":17024741376,"step":null}},"type":"metric_msg"}
{"payload":{"local_timestamp":1695200894915,"metric":{"epoch":null,"metricName":"sys.ram.used","metricValue":11050192896,"step":null}},"type":"metric_msg"}
{"payload":{"local_timestamp":1695200894925,"param":{"paramName":"img","paramValue":640,"source":"cli","step":null}},"type":"parameter_msg"}
{"payload":{"local_timestamp":1695200894925,"param":{"paramName":"batch","paramValue":32,"source":"cli","step":null}},"type":"parameter_msg"}
{"payload":{"local_timestamp":1695200894925,"param":{"paramName":"epoch","paramValue":50,"source":"cli","step":null}},"type":"parameter_msg"}
{"payload":{"local_timestamp":1695200894925,"param":{"paramName":"data","paramValue":"data/cars.yaml","source":"cli","step":null}},"type":"parameter_msg"}
{"payload":{"local_timestamp":1695200894925,"param":{"paramName":"cfg","paramValue":"models/yolov5l.yaml","source":"cli","step":null}},"type":"parameter_msg"}
{"payload":{"local_timestamp":1695200894925,"param":{"paramName":"weights","paramValue":"weights/yolov5l.pt","source":"cli","step":null}},"type":"parameter_msg"}
{"payload":{"local_timestamp":1695200894925,"param":{"paramName":"device","paramValue":0,"source":"cli","step":null}},"type":"parameter_msg"}
{"payload":{"local_timestamp":1695200894926,"log_other":{"key":"offline_experiment","val":true}},"type":"ws_msg"}
{"payload":{"local_timestamp":1695200894926,"log_other":{"key":"Name","val":"exp"}},"type":"ws_msg"}
{"payload":{"local_timestamp":1695200894927,"metric":{"epoch":null,"metricName":"sys.gpu.0.free_memory","metricValue":3053244416,"step":null}},"type":"metric_msg"}
{"payload":{"local_timestamp":1695200894927,"metric":{"epoch":null,"metricName":"sys.gpu.0.gpu_utilization","metricValue":0,"step":null}},"type":"metric_msg"}
{"payload":{"local_timestamp":1695200894927,"metric":{"epoch":null,"metricName":"sys.gpu.0.power_usage","metricValue":7131,"step":null}},"type":"metric_msg"}
{"payload":{"local_timestamp":1695200894927,"metric":{"epoch":null,"metricName":"sys.gpu.0.temperature","metricValue":42,"step":null}},"type":"metric_msg"}
{"payload":{"local_timestamp":1695200894927,"metric":{"epoch":null,"metricName":"sys.gpu.0.used_memory","metricValue":1241722880,"step":null}},"type":"metric_msg"}
{"payload":{"local_timestamp":1695200894927,"stderr":true,"stdout":"Traceback (most recent call last):\n"},"type":"ws_msg"}
{"payload":{"local_timestamp":1695200894927,"stderr":true,"stdout":"  File \"D:\\code\\Car_project\\yolov5-master\\train.py\", line 647, in <module>\n"},"type":"ws_msg"}
{"payload":{"local_timestamp":1695200894928,"stderr":true,"stdout":"    "},"type":"ws_msg"}
{"payload":{"local_timestamp":1695200894928,"stderr":true,"stdout":"main(opt)"},"type":"ws_msg"}
{"payload":{"local_timestamp":1695200894928,"stderr":true,"stdout":"\n"},"type":"ws_msg"}
{"payload":{"local_timestamp":1695200894928,"stderr":true,"stdout":"  File \"D:\\code\\Car_project\\yolov5-master\\train.py\", line 536, in main\n"},"type":"ws_msg"}
{"payload":{"local_timestamp":1695200894929,"stderr":true,"stdout":"    "},"type":"ws_msg"}
{"payload":{"local_timestamp":1695200894929,"stderr":true,"stdout":"train(opt.hyp, opt, device, callbacks)"},"type":"ws_msg"}
{"payload":{"local_timestamp":1695200894929,"stderr":true,"stdout":"\n"},"type":"ws_msg"}
{"payload":{"local_timestamp":1695200894929,"stderr":true,"stdout":"  File \"D:\\code\\Car_project\\yolov5-master\\train.py\", line 101, in train\n"},"type":"ws_msg"}
{"payload":{"local_timestamp":1695200894929,"stderr":true,"stdout":"    "},"type":"ws_msg"}
{"payload":{"local_timestamp":1695200894929,"stderr":true,"stdout":"loggers = Loggers(save_dir, weights, opt, hyp, LOGGER)  # loggers instance"},"type":"ws_msg"}
{"payload":{"local_timestamp":1695200894929,"stderr":true,"stdout":"\n"},"type":"ws_msg"}
{"payload":{"local_timestamp":1695200894929,"stderr":true,"stdout":"  File \"D:\\code\\Car_project\\yolov5-master\\utils\\loggers\\__init__.py\", line 129, in __init__\n"},"type":"ws_msg"}
{"payload":{"local_timestamp":1695200894930,"stderr":true,"stdout":"    "},"type":"ws_msg"}
{"payload":{"local_timestamp":1695200894930,"stderr":true,"stdout":"self.comet_logger = CometLogger(self.opt, self.hyp)"},"type":"ws_msg"}
{"payload":{"local_timestamp":1695200894930,"stderr":true,"stdout":"\n"},"type":"ws_msg"}
{"payload":{"local_timestamp":1695200894930,"stderr":true,"stdout":"  File \"D:\\code\\Car_project\\yolov5-master\\utils\\loggers\\comet\\__init__.py\", line 98, in __init__\n"},"type":"ws_msg"}
{"payload":{"local_timestamp":1695200894930,"stderr":true,"stdout":"    "},"type":"ws_msg"}
{"payload":{"local_timestamp":1695200894930,"stderr":true,"stdout":"self.data_dict = self.check_dataset(self.opt.data)"},"type":"ws_msg"}
{"payload":{"local_timestamp":1695200894930,"stderr":true,"stdout":"\n"},"type":"ws_msg"}
{"payload":{"local_timestamp":1695200894931,"stderr":true,"stdout":"  File \"D:\\code\\Car_project\\yolov5-master\\utils\\loggers\\comet\\__init__.py\", line 233, in check_dataset\n"},"type":"ws_msg"}
{"payload":{"local_timestamp":1695200894931,"stderr":true,"stdout":"    "},"type":"ws_msg"}
{"payload":{"local_timestamp":1695200894931,"stderr":true,"stdout":"data_config = yaml.safe_load(f)"},"type":"ws_msg"}
{"payload":{"local_timestamp":1695200894931,"stderr":true,"stdout":"\n"},"type":"ws_msg"}
{"payload":{"local_timestamp":1695200894931,"stderr":true,"stdout":"  File \"D:\\APP\\anaconda\\anaconda\\envs\\kkzpytorch\\lib\\site-packages\\yaml\\__init__.py\", line 125, in safe_load\n"},"type":"ws_msg"}
{"payload":{"local_timestamp":1695200894932,"stderr":true,"stdout":"    "},"type":"ws_msg"}
{"payload":{"local_timestamp":1695200894932,"stderr":true,"stdout":"return load(stream, SafeLoader)"},"type":"ws_msg"}
{"payload":{"local_timestamp":1695200894932,"stderr":true,"stdout":"\n"},"type":"ws_msg"}
{"payload":{"local_timestamp":1695200894932,"stderr":true,"stdout":"  File \"D:\\APP\\anaconda\\anaconda\\envs\\kkzpytorch\\lib\\site-packages\\yaml\\__init__.py\", line 79, in load\n"},"type":"ws_msg"}
{"payload":{"local_timestamp":1695200894932,"stderr":true,"stdout":"    "},"type":"ws_msg"}
{"payload":{"local_timestamp":1695200894932,"stderr":true,"stdout":"loader = Loader(stream)"},"type":"ws_msg"}
{"payload":{"local_timestamp":1695200894932,"stderr":true,"stdout":"\n"},"type":"ws_msg"}
{"payload":{"local_timestamp":1695200894932,"stderr":true,"stdout":"  File \"D:\\APP\\anaconda\\anaconda\\envs\\kkzpytorch\\lib\\site-packages\\yaml\\loader.py\", line 34, in __init__\n"},"type":"ws_msg"}
{"payload":{"local_timestamp":1695200894933,"stderr":true,"stdout":"    "},"type":"ws_msg"}
{"payload":{"local_timestamp":1695200894933,"stderr":true,"stdout":"Reader.__init__(self, stream)"},"type":"ws_msg"}
{"payload":{"local_timestamp":1695200894933,"stderr":true,"stdout":"\n"},"type":"ws_msg"}
{"payload":{"local_timestamp":1695200894933,"stderr":true,"stdout":"  File \"D:\\APP\\anaconda\\anaconda\\envs\\kkzpytorch\\lib\\site-packages\\yaml\\reader.py\", line 85, in __init__\n"},"type":"ws_msg"}
{"payload":{"local_timestamp":1695200894934,"stderr":true,"stdout":"    "},"type":"ws_msg"}
{"payload":{"local_timestamp":1695200894934,"stderr":true,"stdout":"self.determine_encoding()"},"type":"ws_msg"}
{"payload":{"local_timestamp":1695200894934,"stderr":true,"stdout":"\n"},"type":"ws_msg"}
{"payload":{"local_timestamp":1695200894934,"stderr":true,"stdout":"  File \"D:\\APP\\anaconda\\anaconda\\envs\\kkzpytorch\\lib\\site-packages\\yaml\\reader.py\", line 124, in determine_encoding\n"},"type":"ws_msg"}
{"payload":{"local_timestamp":1695200894934,"stderr":true,"stdout":"    "},"type":"ws_msg"}
{"payload":{"local_timestamp":1695200894935,"stderr":true,"stdout":"self.update_raw()"},"type":"ws_msg"}
{"payload":{"local_timestamp":1695200894935,"stderr":true,"stdout":"\n"},"type":"ws_msg"}
{"payload":{"local_timestamp":1695200894935,"stderr":true,"stdout":"  File \"D:\\APP\\anaconda\\anaconda\\envs\\kkzpytorch\\lib\\site-packages\\yaml\\reader.py\", line 178, in update_raw\n"},"type":"ws_msg"}
{"payload":{"local_timestamp":1695200894935,"stderr":true,"stdout":"    "},"type":"ws_msg"}
{"payload":{"local_timestamp":1695200894935,"stderr":true,"stdout":"data = self.stream.read(size)"},"type":"ws_msg"}
{"payload":{"local_timestamp":1695200894936,"stderr":true,"stdout":"\n"},"type":"ws_msg"}
{"payload":{"local_timestamp":1695200894936,"stderr":true,"stdout":"UnicodeDecodeError"},"type":"ws_msg"}
{"payload":{"local_timestamp":1695200894936,"stderr":true,"stdout":": "},"type":"ws_msg"}
{"payload":{"local_timestamp":1695200894936,"stderr":true,"stdout":"'gbk' codec can't decode byte 0xa0 in position 391: illegal multibyte sequence"},"type":"ws_msg"}
{"payload":{"local_timestamp":1695200894936,"stderr":true,"stdout":"\n"},"type":"ws_msg"}
{"payload":{"local_timestamp":1695200894975,"stderr":true,"stdout":"\u001b[1;38;5;39mCOMET INFO:\u001b[0m Couldn't find a Git repository in 'D:\\\\code\\\\Car_project\\\\yolov5-master' nor in any parent directory. Set `COMET_GIT_DIRECTORY` if your Git Repository is elsewhere.\n"},"type":"ws_msg"}
{"payload":{"local_timestamp":1695200894987,"stderr":true,"stdout":"\u001b[1;38;5;214mCOMET WARNING:\u001b[0m Unknown error exporting current conda environment\n"},"type":"ws_msg"}
{"payload":{"local_timestamp":1695200894999,"stderr":true,"stdout":"\u001b[1;38;5;214mCOMET WARNING:\u001b[0m Unknown error retrieving Conda package as an explicit file\n"},"type":"ws_msg"}
{"payload":{"local_timestamp":1695200895006,"stderr":true,"stdout":"\u001b[1;38;5;214mCOMET WARNING:\u001b[0m Unknown error retrieving Conda information\n"},"type":"ws_msg"}
{"payload":{"local_timestamp":1695200895006,"stderr":true,"stdout":"\u001b[1;38;5;39mCOMET INFO:\u001b[0m ---------------------------------------------------------------------------------------\n"},"type":"ws_msg"}
{"payload":{"local_timestamp":1695200895006,"stderr":true,"stdout":"\u001b[1;38;5;39mCOMET INFO:\u001b[0m Comet.ml OfflineExperiment Summary\n"},"type":"ws_msg"}
{"payload":{"local_timestamp":1695200895007,"stderr":true,"stdout":"\u001b[1;38;5;39mCOMET INFO:\u001b[0m ---------------------------------------------------------------------------------------\n"},"type":"ws_msg"}
{"payload":{"local_timestamp":1695200895007,"stderr":true,"stdout":"\u001b[1;38;5;39mCOMET INFO:\u001b[0m   Data:\n"},"type":"ws_msg"}
{"payload":{"local_timestamp":1695200895007,"stderr":true,"stdout":"\u001b[1;38;5;39mCOMET INFO:\u001b[0m     display_summary_level : 1\n"},"type":"ws_msg"}
{"payload":{"local_timestamp":1695200895007,"stderr":true,"stdout":"\u001b[1;38;5;39mCOMET INFO:\u001b[0m     url                   : [OfflineExperiment will get URL after upload]\n"},"type":"ws_msg"}
{"payload":{"local_timestamp":1695200895007,"stderr":true,"stdout":"\u001b[1;38;5;39mCOMET INFO:\u001b[0m   Others:\n"},"type":"ws_msg"}
{"payload":{"local_timestamp":1695200895007,"stderr":true,"stdout":"\u001b[1;38;5;39mCOMET INFO:\u001b[0m     Name               : exp\n"},"type":"ws_msg"}
{"payload":{"local_timestamp":1695200895007,"stderr":true,"stdout":"\u001b[1;38;5;39mCOMET INFO:\u001b[0m     offline_experiment : True\n"},"type":"ws_msg"}
{"payload":{"local_timestamp":1695200895008,"stderr":true,"stdout":"\u001b[1;38;5;39mCOMET INFO:\u001b[0m   Uploads:\n"},"type":"ws_msg"}
{"payload":{"local_timestamp":1695200895008,"stderr":true,"stdout":"\u001b[1;38;5;39mCOMET INFO:\u001b[0m     environment details : 1\n"},"type":"ws_msg"}
{"payload":{"local_timestamp":1695200895008,"stderr":true,"stdout":"\u001b[1;38;5;39mCOMET INFO:\u001b[0m     installed packages  : 1\n"},"type":"ws_msg"}
{"payload":{"local_timestamp":1695200895008,"stderr":true,"stdout":"\u001b[1;38;5;39mCOMET INFO:\u001b[0m \n"},"type":"ws_msg"}
